[{"id": "906a1792-4ed5-4080-b39a-6ece9c457635", "conversation_id": "5f591858-c7f7-4938-ba4a-91a0067d080a", "user_id": "user-qJtCgIGmzrwMyPpCuqO5YRZw", "rating": "thumbsUp", "create_time": "2023-09-07T07:21:44.165078+00:00", "workspace_id": null, "content": "{\"text\": \"It was 100% correct\"}", "storage_protocol": "zstd::1.5.5.1"}, {"id": "c0e587cd-2971-4c3e-a685-fdcde53768b7", "conversation_id": "0d0f6d5c-52d8-4cc4-ae4c-38602e17376f", "user_id": "user-qJtCgIGmzrwMyPpCuqO5YRZw", "rating": "thumbsUp", "create_time": "2023-07-03T04:54:41.026438+00:00", "workspace_id": null, "content": "{}", "storage_protocol": "zstd::1.5.5.1"}, {"id": "74aafa75-1fca-4b42-9274-42856b43b131", "conversation_id": "0e7d754f-08dc-45c3-b96b-4daa6ca7610a", "user_id": "user-qJtCgIGmzrwMyPpCuqO5YRZw", "rating": "thumbsUp", "create_time": "2023-07-29T16:47:10.671701+00:00", "workspace_id": null, "content": "{}", "storage_protocol": "zstd::1.5.5.1"}, {"message_id": "3b9ff75d-4f9c-4361-88bb-618c3e06615d", "conversation_id": "abebf032993d4540acba23d5ddcb1b2a", "user_id": "user-qJtCgIGmzrwMyPpCuqO5YRZw", "rating": "thumbsUp", "content": "{\"text\": \"great\"}"}]