[{"id": "c0e587cd-2971-4c3e-a685-fdcde53768b7", "conversation_id": "0d0f6d5c-52d8-4cc4-ae4c-38602e17376f", "user_id": "user-qJtCgIGmzrwMyPpCuqO5YRZw", "rating": "thumbsUp", "create_time": "2023-07-03T04:54:41.026438+00:00", "workspace_id": null, "content": "{}", "storage_protocol": "zstd::1.5.5.1"}, {"message_id": "3b9ff75d-4f9c-4361-88bb-618c3e06615d", "conversation_id": "abebf032993d4540acba23d5ddcb1b2a", "user_id": "user-qJtCgIGmzrwMyPpCuqO5YRZw", "rating": "thumbsUp", "content": "{\"text\": \"great\"}"}]